[{"id":"553175416530@s.whatsapp.net","xp":163941,"level":105002},{"id":"556799855355@s.whatsapp.net","xp":4031,"level":1},{"id":"","xp":278513,"level":6},{"id":"559491912455@s.whatsapp.net","xp":57526,"level":4},{"id":"558288076701@s.whatsapp.net","xp":85780,"level":5},{"id":"558298026149@s.whatsapp.net","xp":88852,"level":5},{"id":"558299843760@s.whatsapp.net","xp":169479,"level":6},{"id":"558288940387@s.whatsapp.net","xp":19171,"level":3},{"id":"558291528737@s.whatsapp.net","xp":83750,"level":5},{"id":"5517982038503@s.whatsapp.net","xp":74620,"level":4},{"id":"556892245413@s.whatsapp.net","xp":21672,"level":3},{"id":"5511971782951@s.whatsapp.net","xp":13138,"level":2},{"id":"5521977176626@s.whatsapp.net","xp":11084,"level":2},{"id":"556292682366@s.whatsapp.net","xp":10091,"level":2},{"id":"5512978508948@s.whatsapp.net","xp":506,"level":1},{"id":"5511976658023@s.whatsapp.net","xp":14145,"level":2},{"id":"5521959520567@s.whatsapp.net","xp":43372,"level":4},{"id":"553196258062@s.whatsapp.net","xp":2516,"level":1},{"id":"554184303532@s.whatsapp.net","xp":39845,"level":4},{"id":"5511947265053@s.whatsapp.net","xp":5053,"level":2},{"id":"555181157915@s.whatsapp.net","xp":7562,"level":2},{"id":"5514981383176@s.whatsapp.net","xp":30754,"level":3},{"id":"553191617514@s.whatsapp.net","xp":509,"level":1},{"id":"553199436493@s.whatsapp.net","xp":9572,"level":2},{"id":"553597264028@s.whatsapp.net","xp":3035,"level":1},{"id":"556191404099@s.whatsapp.net","xp":3020,"level":1},{"id":"558196178217@s.whatsapp.net","xp":1518,"level":1},{"id":"558896505137@s.whatsapp.net","xp":502,"level":1},{"id":"5519987128375@s.whatsapp.net","xp":1525,"level":1},{"id":"5521981251461@s.whatsapp.net","xp":1009,"level":1},{"id":"554788051331@s.whatsapp.net","xp":1006,"level":1},{"id":"554888482583@s.whatsapp.net","xp":508,"level":1},{"id":"5521996619016@s.whatsapp.net","xp":3538,"level":1},{"id":"558287450770@s.whatsapp.net","xp":30751,"level":3},{"id":"558298255364@s.whatsapp.net","xp":11087,"level":2},{"id":"555185661464@s.whatsapp.net","xp":3528,"level":1},{"id":"558288982859@s.whatsapp.net","xp":51962,"level":4},{"id":"558288795203@s.whatsapp.net","xp":52437,"level":4},{"id":"558296954823@s.whatsapp.net","xp":1508,"level":1},{"id":"558288071440@s.whatsapp.net","xp":8568,"level":2},{"id":"558287740652@s.whatsapp.net","xp":502,"level":1},{"id":"558291292693@s.whatsapp.net","xp":4542,"level":1},{"id":"5521969226661@s.whatsapp.net","xp":4558,"level":1},{"id":"5513996907397@s.whatsapp.net","xp":1511,"level":1},{"id":"553384547006@s.whatsapp.net","xp":26777,"level":3},{"id":"559191959031@s.whatsapp.net","xp":501,"level":1},{"id":"5524992755713@s.whatsapp.net","xp":1513,"level":1},{"id":"558185690903@s.whatsapp.net","xp":9601,"level":2},{"id":"553488880504@s.whatsapp.net","xp":3028,"level":1},{"id":"557399111370@s.whatsapp.net","xp":504,"level":1},{"id":"556599071373@s.whatsapp.net","xp":1012,"level":1},{"id":"553592725936@s.whatsapp.net","xp":1516,"level":1},{"id":"5521983369688@s.whatsapp.net","xp":1009,"level":1},{"id":"5511984344394@s.whatsapp.net","xp":502,"level":1},{"id":"557196234289@s.whatsapp.net","xp":2020,"level":1},{"id":"556198308670@s.whatsapp.net","xp":1008,"level":1},{"id":"553398195857@s.whatsapp.net","xp":510,"level":1},{"id":"5522997040406@s.whatsapp.net","xp":502,"level":1},{"id":"557183616408@s.whatsapp.net","xp":2021,"level":1},{"id":"559892236245@s.whatsapp.net","xp":2515,"level":1},{"id":"554298642568@s.whatsapp.net","xp":1015,"level":1}]