[
  {
    "558695063398@s.whatsapp.net": {
      "id": "558695063398@s.whatsapp.net",
      "player": "558695063398@s.whatsapp.net",
      "game": {
        "currentStep": 0,
        "region": "pt",
        "uri": "https://pt.akinator.com",
        "urlApiWs": "https://srv11.akinator.com:9401/ws",
        "noUri": "Could not find the uri or UrlApiWs. This most likely means that you have not started the game!",
        "noSession": "Could not find the game session. Please make sure you have started the game!",
        "progress": 0,
        "guessCount": 0,
        "childMode": {
          "childMod": false,
          "softConstraint": "",
          "questionFilter": ""
        },
        "question": "O seu personagem é brasileiro?",
        "answers": [
          "Sim",
          "Não",
          "Não sei",
          "Provavelmente sim",
          "Provavelmente não"
        ],
        "uriObj": {
          "uid": "bbb9fd4e-b5e0-11ec-83b0-0cc47a691511",
          "frontaddr": "MTQ3LjEzNS4xMjkuOTM="
        },
        "uid": "bbb9fd4e-b5e0-11ec-83b0-0cc47a691511",
        "frontaddr": "MTQ3LjEzNS4xMjkuOTM=",
        "session": "703",
        "signature": "182383199",
        "challenge_auth": "1b7309f4-5701-4216-bc1e-cebe75dc80a4"
      }
    },
    "120363038951450289@g.us": {
      "id": "120363038951450289@g.us",
      "player": "558582154282@s.whatsapp.net",
      "game": {
        "currentStep": 0,
        "region": "pt",
        "uri": "https://pt.akinator.com",
        "urlApiWs": "https://srv11.akinator.com:9401/ws",
        "noUri": "Could not find the uri or UrlApiWs. This most likely means that you have not started the game!",
        "noSession": "Could not find the game session. Please make sure you have started the game!",
        "progress": 0,
        "guessCount": 0,
        "childMode": {
          "childMod": false,
          "softConstraint": "",
          "questionFilter": ""
        },
        "question": "O seu personagem é uma menina?",
        "answers": [
          "Sim",
          "Não",
          "Não sei",
          "Provavelmente sim",
          "Provavelmente não"
        ],
        "uriObj": {
          "uid": "860c6a2e-e43e-11ec-a25e-0cc47adc2898",
          "frontaddr": "MTUxLjgwLjM2LjEzOA=="
        },
        "uid": "860c6a2e-e43e-11ec-a25e-0cc47adc2898",
        "frontaddr": "MTUxLjgwLjM2LjEzOA==",
        "session": "395",
        "signature": "1704301313",
        "challenge_auth": "568c58f2-986e-4afa-a8a8-af2a14fce1f2"
      }
    },
    "120363041759698518@g.us": {
      "id": "120363041759698518@g.us",
      "player": "5521995125645@s.whatsapp.net",
      "game": {
        "currentStep": 0,
        "region": "pt",
        "uri": "https://pt.akinator.com",
        "urlApiWs": "https://srv11.akinator.com:9401/ws",
        "noUri": "Could not find the uri or UrlApiWs. This most likely means that you have not started the game!",
        "noSession": "Could not find the game session. Please make sure you have started the game!",
        "progress": 0,
        "guessCount": 0,
        "childMode": {
          "childMod": false,
          "softConstraint": "",
          "questionFilter": ""
        },
        "question": "O seu personagem é uma menina?",
        "answers": [
          "Sim",
          "Não",
          "Não sei",
          "Provavelmente sim",
          "Provavelmente não"
        ],
        "uriObj": {
          "uid": "8c61eb74-e812-11ec-a0c4-0cc47a691511",
          "frontaddr": "MTQ3LjEzNS4xMjkuOTM="
        },
        "uid": "8c61eb74-e812-11ec-a0c4-0cc47a691511",
        "frontaddr": "MTQ3LjEzNS4xMjkuOTM=",
        "session": "1455",
        "signature": "1601817855",
        "challenge_auth": "f417e1bb-52c7-441d-ad56-e14ad4a549fb"
      }
    },
    "120363042004583203@g.us": {
      "id": "120363042004583203@g.us",
      "player": "557197228880@s.whatsapp.net",
      "game": {
        "currentStep": 0,
        "region": "pt",
        "uri": "https://pt.akinator.com",
        "urlApiWs": "https://srv13.akinator.com:9360/ws",
        "noUri": "Could not find the uri or UrlApiWs. This most likely means that you have not started the game!",
        "noSession": "Could not find the game session. Please make sure you have started the game!",
        "progress": 0,
        "guessCount": 0,
        "childMode": {
          "childMod": false,
          "softConstraint": "",
          "questionFilter": ""
        },
        "question": "O seu personagem é uma menina?",
        "answers": [
          "Sim",
          "Não",
          "Não sei",
          "Provavelmente sim",
          "Provavelmente não"
        ],
        "uriObj": {
          "uid": "01e50090-1845-11ed-ba83-0cc47adc2898",
          "frontaddr": "MTUxLjgwLjM2LjEzOA=="
        },
        "uid": "01e50090-1845-11ed-ba83-0cc47adc2898",
        "frontaddr": "MTUxLjgwLjM2LjEzOA==",
        "session": "189",
        "signature": "2073487508",
        "challenge_auth": "cef7024a-167f-41a3-924f-461c58a1bb65"
      }
    },
    "120363041101060492@g.us": {
      "id": "120363041101060492@g.us",
      "player": "5517982038503@s.whatsapp.net",
      "game": {
        "currentStep": 0,
        "region": "pt",
        "uri": "https://pt.akinator.com",
        "urlApiWs": "https://srv11.akinator.com:9401/ws",
        "noUri": "Could not find the uri or UrlApiWs. This most likely means that you have not started the game!",
        "noSession": "Could not find the game session. Please make sure you have started the game!",
        "progress": 0,
        "guessCount": 0,
        "childMode": {
          "childMod": false,
          "softConstraint": "",
          "questionFilter": ""
        },
        "question": "O seu personagem é uma mulher?",
        "answers": [
          "Sim",
          "Não",
          "Não sei",
          "Provavelmente sim",
          "Provavelmente não"
        ],
        "uriObj": {
          "uid": "1e212fe0-217d-11ed-b9ec-0cc47adc2898",
          "frontaddr": "MTUxLjgwLjM2LjEzOA=="
        },
        "uid": "1e212fe0-217d-11ed-b9ec-0cc47adc2898",
        "frontaddr": "MTUxLjgwLjM2LjEzOA==",
        "session": "745",
        "signature": "1565272838",
        "challenge_auth": "ac00b5de-9686-4da0-ab2d-29316ad55bed"
      }
    },
    "120363024413160179@g.us": {
      "id": "120363024413160179@g.us",
      "player": "557197228880@s.whatsapp.net",
      "game": {
        "currentStep": 0,
        "region": "pt",
        "uri": "https://pt.akinator.com",
        "urlApiWs": "https://srv11.akinator.com:9401/ws",
        "noUri": "Could not find the uri or UrlApiWs. This most likely means that you have not started the game!",
        "noSession": "Could not find the game session. Please make sure you have started the game!",
        "progress": 0,
        "guessCount": 0,
        "childMode": {
          "childMod": false,
          "softConstraint": "",
          "questionFilter": ""
        },
        "question": "O seu personagem é real?",
        "answers": [
          "Sim",
          "Não",
          "Não sei",
          "Provavelmente sim",
          "Provavelmente não"
        ],
        "uriObj": {
          "uid": "5bcdaaec-2d46-11ed-a0c8-0cc47adc2898",
          "frontaddr": "MTUxLjgwLjM2LjEzOA=="
        },
        "uid": "5bcdaaec-2d46-11ed-a0c8-0cc47adc2898",
        "frontaddr": "MTUxLjgwLjM2LjEzOA==",
        "session": "333",
        "signature": "807499958",
        "challenge_auth": "b8f77c89-00e6-4b31-a125-c44b7e16324b"
      }
    },
    "120363023239850751@g.us": {
      "id": "120363023239850751@g.us",
      "player": "558896505137@s.whatsapp.net",
      "game": {
        "currentStep": 0,
        "region": "pt",
        "uri": "https://pt.akinator.com",
        "urlApiWs": "https://srv11.akinator.com:9401/ws",
        "noUri": "Could not find the uri or UrlApiWs. This most likely means that you have not started the game!",
        "noSession": "Could not find the game session. Please make sure you have started the game!",
        "progress": 0,
        "guessCount": 0,
        "childMode": {
          "childMod": false,
          "softConstraint": "",
          "questionFilter": ""
        },
        "question": "O seu personagem é real?",
        "answers": [
          "Sim",
          "Não",
          "Não sei",
          "Provavelmente sim",
          "Provavelmente não"
        ],
        "uriObj": {
          "uid": "d02767f8-2d4a-11ed-a3a8-0cc47a691511",
          "frontaddr": "MTQ3LjEzNS4xMjkuOTM="
        },
        "uid": "d02767f8-2d4a-11ed-a3a8-0cc47a691511",
        "frontaddr": "MTQ3LjEzNS4xMjkuOTM=",
        "session": "633",
        "signature": "1590619762",
        "challenge_auth": "b1322001-9b4f-435b-a8ee-05c4abdc479c"
      }
    },
    "120363041927508234@g.us": {
      "id": "120363041927508234@g.us",
      "player": "258841708772@s.whatsapp.net",
      "game": {
        "currentStep": 0,
        "region": "pt",
        "uri": "https://pt.akinator.com",
        "urlApiWs": "https://srv11.akinator.com:9401/ws",
        "noUri": "Could not find the uri or UrlApiWs. This most likely means that you have not started the game!",
        "noSession": "Could not find the game session. Please make sure you have started the game!",
        "progress": 0,
        "guessCount": 0,
        "childMode": {
          "childMod": false,
          "softConstraint": "",
          "questionFilter": ""
        },
        "question": "O seu personagem é uma menina?",
        "answers": [
          "Sim",
          "Não",
          "Não sei",
          "Provavelmente sim",
          "Provavelmente não"
        ],
        "uriObj": {
          "uid": "5e5be7ea-33ab-11ed-9d8d-0cc47a691511",
          "frontaddr": "MTQ3LjEzNS4xMjkuOTM="
        },
        "uid": "5e5be7ea-33ab-11ed-9d8d-0cc47a691511",
        "frontaddr": "MTQ3LjEzNS4xMjkuOTM=",
        "session": "1149",
        "signature": "1217612154",
        "challenge_auth": "f9f3ce8d-e62c-4264-ac55-0393f2659b3d"
      }
    }
  }
]